{
  "logistic_regression": {
    "accuracy": 0.6925,
    "auc_score": 0.7276412809750228,
    "precision": 0.37985546522131886,
    "recall": 0.6405178979436406,
    "f1_score": 0.4768925432378792,
    "mcc_score": 0.2978211157444554
  },
  "decision_tree": {
    "accuracy": 0.7201666666666666,
    "auc_score": 0.7616342036626076,
    "precision": 0.41125121241513096,
    "recall": 0.6458492003046459,
    "f1_score": 0.5025185185185185,
    "mcc_score": 0.33676217711048223
  },
  "knn": {
    "accuracy": 0.8086666666666666,
    "auc_score": 0.7327701144176881,
    "precision": 0.6193921852387844,
    "recall": 0.32597105864432596,
    "f1_score": 0.42714570858283435,
    "mcc_score": 0.3495186909941917
  },
  "naive_bayes": {
    "accuracy": 0.707,
    "auc_score": 0.7370833848578273,
    "precision": 0.3966558290757083,
    "recall": 0.6504188880426505,
    "f1_score": 0.4927870744373918,
    "mcc_score": 0.3217503541630435
  },
  "random_forest": {
    "accuracy": 0.798,
    "auc_score": 0.7758669073977691,
    "precision": 0.537771129394166,
    "recall": 0.5476009139375476,
    "f1_score": 0.5426415094339623,
    "mcc_score": 0.41305738884151755
  },
  "xgboost": {
    "accuracy": 0.7648333333333334,
    "auc_score": 0.7610328904745524,
    "precision": 0.4701946472019465,
    "recall": 0.5887281035795887,
    "f1_score": 0.5228271897193101,
    "mcc_score": 0.3734881433706429
  }
}