{
  "logistic_regression": {
    "accuracy": 0.81,
    "auc_score": 0.7269867506354779,
    "precision": 0.6926503340757239,
    "recall": 0.23686214775323686,
    "f1_score": 0.3530079455164586,
    "mcc_score": 0.32592645031754947
  },
  "decision_tree": {
    "accuracy": 0.725,
    "auc_score": 0.6108290647219684,
    "precision": 0.3802416488983653,
    "recall": 0.4074638233054075,
    "f1_score": 0.39338235294117646,
    "mcc_score": 0.21607083083642947
  },
  "knn": {
    "accuracy": 0.795,
    "auc_score": 0.7077729215208699,
    "precision": 0.5486518171160609,
    "recall": 0.3564356435643564,
    "f1_score": 0.43213296398891965,
    "mcc_score": 0.3247460167873724
  },
  "naive_bayes": {
    "accuracy": 0.707,
    "auc_score": 0.7370833848578273,
    "precision": 0.3966558290757083,
    "recall": 0.6504188880426505,
    "f1_score": 0.4927870744373918,
    "mcc_score": 0.3217503541630435
  },
  "random_forest": {
    "accuracy": 0.816,
    "auc_score": 0.7570416041128163,
    "precision": 0.6384105960264901,
    "recall": 0.3670982482863671,
    "f1_score": 0.4661508704061896,
    "mcc_score": 0.38502070547959105
  },
  "xgboost": {
    "accuracy": 0.8148333333333333,
    "auc_score": 0.7749595346529778,
    "precision": 0.6346666666666667,
    "recall": 0.3625285605483625,
    "f1_score": 0.46146388754241396,
    "mcc_score": 0.38013835422721687
  }
}